{"cameraMode":{"drawMode":0,"name":"Shaded","section":"Shading Mode"},"sceneLighting":false,"audioPlay":false,"sceneViewState":{"m_AlwaysRefresh":false,"showFog":true,"showSkybox":false,"showFlares":true,"showImageEffects":true,"showParticleSystems":true,"showVisualEffectGraphs":true,"m_FxEnabled":true},"in2DMode":false,"pivot":{"x":1032.0784912109375,"y":570.7041625976563,"z":3.9654159545898439},"rotation":{"x":0.01530586276203394,"y":-0.02100141905248165,"z":0.00032094051130115986,"w":0.9996828436851502},"size":212.1320343017578,"orthographic":false}