{"cameraMode":{"drawMode":0,"name":"Shaded","section":"Shading Mode"},"sceneLighting":false,"audioPlay":false,"sceneViewState":{"m_AlwaysRefresh":false,"showFog":true,"showSkybox":false,"showFlares":true,"showImageEffects":true,"showParticleSystems":true,"showVisualEffectGraphs":true,"m_FxEnabled":true},"in2DMode":false,"pivot":{"x":991.2576904296875,"y":625.9607543945313,"z":3.7406005859375},"rotation":{"x":0.019191810861229898,"y":0.003603478893637657,"z":0.00008945293666329235,"w":-0.9999416470527649},"size":261.0076599121094,"orthographic":false}